<?xml version="1.1" encoding="utf-8"?><opt>
  <_fixtureId></_fixtureId>
  <_usePlayerRecords>FALSE</_usePlayerRecords>
  <player_position>
    <_isGoalkeeper>TRUE</_isGoalkeeper>
    <_playerPositionId>101</_playerPositionId>
    <_playerPositionName>Goalkeeper</_playerPositionName>
  </player_position>
  <player_position>
    <_isGoalkeeper>FALSE</_isGoalkeeper>
    <_playerPositionId>102</_playerPositionId>
    <_playerPositionName>Defender</_playerPositionName>
  </player_position>
  <player_position>
    <_isGoalkeeper>FALSE</_isGoalkeeper>
    <_playerPositionId>103</_playerPositionId>
    <_playerPositionName>Mid-fielder</_playerPositionName>
  </player_position>
  <player_position>
    <_isGoalkeeper>FALSE</_isGoalkeeper>
    <_playerPositionId>104</_playerPositionId>
    <_playerPositionName>Striker</_playerPositionName>
  </player_position>
  <player_position>
    <_isGoalkeeper>FALSE</_isGoalkeeper>
    <_playerPositionId>105</_playerPositionId>
    <_playerPositionName>Full-back</_playerPositionName>
  </player_position>
  <player_position>
    <_isGoalkeeper>FALSE</_isGoalkeeper>
    <_playerPositionId>106</_playerPositionId>
    <_playerPositionName>Centre-back</_playerPositionName>
  </player_position>
  <player_position>
    <_isGoalkeeper>FALSE</_isGoalkeeper>
    <_playerPositionId>107</_playerPositionId>
    <_playerPositionName>Wing-back</_playerPositionName>
  </player_position>
  <player_position>
    <_isGoalkeeper>FALSE</_isGoalkeeper>
    <_playerPositionId>108</_playerPositionId>
    <_playerPositionName>Centre-forward</_playerPositionName>
  </player_position>
  <player_position>
    <_isGoalkeeper>FALSE</_isGoalkeeper>
    <_playerPositionId>109</_playerPositionId>
    <_playerPositionName>Winger</_playerPositionName>
  </player_position>
  <player_position>
    <_isGoalkeeper>FALSE</_isGoalkeeper>
    <_playerPositionId>110</_playerPositionId>
    <_playerPositionName>Number 10</_playerPositionName>
  </player_position>
  <session>
    <_animEnable>TRUE</_animEnable>
    <_animMaxKeyframes>14</_animMaxKeyframes>
    <_globalFlipH>FALSE</_globalFlipH>
    <_globalSspToolVersion>1</_globalSspToolVersion>
    <_interfaceBaseUrl>https://www.sportsessionplanner.com</_interfaceBaseUrl>
    <_interfaceLanguageCode>en</_interfaceLanguageCode>
    <_itemBaseUrl>/templates/</_itemBaseUrl>
    <_matchScoreOpposition>0</_matchScoreOpposition>
    <_matchScoreUs>0</_matchScoreUs>
    <_maxScreens>7</_maxScreens>
    <_sessionCategoryId>33</_sessionCategoryId>
    <_sessionDifficultyLevelId>3</_sessionDifficultyLevelId>
    <_sessionLanguageCode>en</_sessionLanguageCode>
    <_sessionOverallDescription></_sessionOverallDescription>
    <_sessionSkillLevelId>0</_sessionSkillLevelId>
    <_sessionSport>1</_sessionSport>
    <_sessionStartTime>0000-00-00 00:00:00</_sessionStartTime>
    <_sessionTitle>Combination Passing Pattern</_sessionTitle>
    <_sessionToken>ea6d4bf803bb84274f5cfab2c7dba7b266ab2e370cb97a99e853f1cd05ec99b5</_sessionToken>
    <_sessionType>Training</_sessionType>
    <_sessionUseSkillLevel>FALSE</_sessionUseSkillLevel>
    <_teamNameOpposition>Opposition Team</_teamNameOpposition>
    <_teamNameOurs>Our Team</_teamNameOurs>
    <_userImageBase>/uploads/images/session_transitions_user/</_userImageBase>
    <_xmlMySessionsRedirect>my.mpl?a=sessions</_xmlMySessionsRedirect>
    <_xmlReceiveBase>/uploads/xml/</_xmlReceiveBase>
    <_xmlSendBase>xml.mpl?a=submit_data</_xmlSendBase>
    <kit>
      <_bottomColor>0x333333</_bottomColor>
      <_hairColor>0x000000</_hairColor>
      <_hairType>0</_hairType>
      <_kitId>2</_kitId>
      <_kitTypeId>0</_kitTypeId>
      <_shoesColor>0x000000</_shoesColor>
      <_skinColor>0xE7A283</_skinColor>
      <_skinTexture>0</_skinTexture>
      <_socksColor>0x000000</_socksColor>
      <_stripesColor>0x000000</_stripesColor>
      <_stripesType>0</_stripesType>
      <_topColor>0x000000</_topColor>
    </kit>
    <kit>
      <_bottomColor>0xffcc00</_bottomColor>
      <_hairColor>0x000000</_hairColor>
      <_hairType>0</_hairType>
      <_kitId>1</_kitId>
      <_kitTypeId>1</_kitTypeId>
      <_shoesColor>0x000000</_shoesColor>
      <_skinColor>0xE7A283</_skinColor>
      <_skinTexture>0</_skinTexture>
      <_socksColor>0xffff00</_socksColor>
      <_stripesColor>0x000000</_stripesColor>
      <_stripesType>0</_stripesType>
      <_topColor>0xffff00</_topColor>
    </kit>
    <kit>
      <_bottomColor>0xcc3300</_bottomColor>
      <_hairColor>0x000000</_hairColor>
      <_hairType>0</_hairType>
      <_kitId>1</_kitId>
      <_kitTypeId>0</_kitTypeId>
      <_shoesColor>0x000000</_shoesColor>
      <_skinColor>0xE7A283</_skinColor>
      <_skinTexture>0</_skinTexture>
      <_socksColor>0xcc0000</_socksColor>
      <_stripesColor>0x000000</_stripesColor>
      <_stripesType>0</_stripesType>
      <_topColor>0xffffff</_topColor>
    </kit>
    <kit>
      <_bottomColor>0x0000ff</_bottomColor>
      <_hairColor>0x000000</_hairColor>
      <_hairType>0</_hairType>
      <_kitId>0</_kitId>
      <_kitTypeId>0</_kitTypeId>
      <_shoesColor>0x000000</_shoesColor>
      <_skinColor>0xffff00</_skinColor>
      <_skinTexture>0</_skinTexture>
      <_socksColor>0x003399</_socksColor>
      <_stripesColor>0x000000</_stripesColor>
      <_stripesType>0</_stripesType>
      <_topColor>0xff0000</_topColor>
    </kit>
    <kit>
      <_bottomColor>0x000033</_bottomColor>
      <_hairColor>0x000000</_hairColor>
      <_hairType>0</_hairType>
      <_kitId>0</_kitId>
      <_kitTypeId>1</_kitTypeId>
      <_shoesColor>0x000000</_shoesColor>
      <_skinColor>0xE7A283</_skinColor>
      <_skinTexture>0</_skinTexture>
      <_socksColor>0x00ff33</_socksColor>
      <_stripesColor>0x000000</_stripesColor>
      <_stripesType>0</_stripesType>
      <_topColor>0x00ff33</_topColor>
    </kit>
    <lines_library>
      <_arrowThickness>1</_arrowThickness>
      <_lineColor>0xFF0000</_lineColor>
      <_lineStyle>0</_lineStyle>
      <_lineThickness>1</_lineThickness>
      <_lineType>0</_lineType>
      <_linesLibraryId>1</_linesLibraryId>
      <_useArrowHead>1</_useArrowHead>
      <_useHandles>TRUE</_useHandles>
    </lines_library>
    <lines_library>
      <_arrowThickness>1</_arrowThickness>
      <_lineColor>0xffff33</_lineColor>
      <_lineStyle>0</_lineStyle>
      <_lineThickness>1</_lineThickness>
      <_lineType>1</_lineType>
      <_linesLibraryId>2</_linesLibraryId>
      <_useArrowHead>1</_useArrowHead>
      <_useHandles>TRUE</_useHandles>
    </lines_library>
    <lines_library>
      <_arrowThickness>1</_arrowThickness>
      <_lineColor>0xffffff</_lineColor>
      <_lineStyle>1</_lineStyle>
      <_lineThickness>1</_lineThickness>
      <_lineType>0</_lineType>
      <_linesLibraryId>3</_linesLibraryId>
      <_useArrowHead>1</_useArrowHead>
      <_useHandles>TRUE</_useHandles>
    </lines_library>
    <lines_library>
      <_arrowThickness>1</_arrowThickness>
      <_lineColor>0xB7B7B7</_lineColor>
      <_lineStyle>0</_lineStyle>
      <_lineThickness>1</_lineThickness>
      <_lineType>1</_lineType>
      <_linesLibraryId>4</_linesLibraryId>
      <_useArrowHead>1</_useArrowHead>
      <_useHandles>TRUE</_useHandles>
    </lines_library>
    <lines_library>
      <_arrowThickness>1</_arrowThickness>
      <_lineColor>0xFFFFFF</_lineColor>
      <_lineStyle>0</_lineStyle>
      <_lineThickness>1</_lineThickness>
      <_lineType>0</_lineType>
      <_linesLibraryId>5</_linesLibraryId>
      <_useArrowHead>0</_useArrowHead>
      <_useHandles>TRUE</_useHandles>
    </lines_library>
    <lines_library>
      <_arrowThickness>1</_arrowThickness>
      <_lineColor>0x000000</_lineColor>
      <_lineStyle>1</_lineStyle>
      <_lineThickness>1</_lineThickness>
      <_lineType>1</_lineType>
      <_linesLibraryId>6</_linesLibraryId>
      <_useArrowHead>1</_useArrowHead>
      <_useHandles>TRUE</_useHandles>
    </lines_library>
    <lines_library>
      <_arrowThickness>1</_arrowThickness>
      <_lineColor>0xFF0000</_lineColor>
      <_lineStyle>0</_lineStyle>
      <_lineThickness>1</_lineThickness>
      <_lineType>0</_lineType>
      <_linesLibraryId>7</_linesLibraryId>
      <_useArrowHead>0</_useArrowHead>
      <_useHandles>TRUE</_useHandles>
    </lines_library>
    <lines_library>
      <_arrowThickness>1</_arrowThickness>
      <_lineColor>0x00FF00</_lineColor>
      <_lineStyle>0</_lineStyle>
      <_lineThickness>1</_lineThickness>
      <_lineType>0</_lineType>
      <_linesLibraryId>8</_linesLibraryId>
      <_useArrowHead>0</_useArrowHead>
      <_useHandles>TRUE</_useHandles>
    </lines_library>
    <lines_library>
      <_arrowThickness>1</_arrowThickness>
      <_lineColor>0x0000FF</_lineColor>
      <_lineStyle>0</_lineStyle>
      <_lineThickness>1</_lineThickness>
      <_lineType>0</_lineType>
      <_linesLibraryId>9</_linesLibraryId>
      <_useArrowHead>0</_useArrowHead>
      <_useHandles>TRUE</_useHandles>
    </lines_library>
    <lines_library>
      <_arrowThickness>1</_arrowThickness>
      <_lineColor>0xFFFFFF</_lineColor>
      <_lineStyle>0</_lineStyle>
      <_lineThickness>1</_lineThickness>
      <_lineType>3</_lineType>
      <_linesLibraryId>10</_linesLibraryId>
      <_useArrowHead>0</_useArrowHead>
      <_useHandles>TRUE</_useHandles>
    </lines_library>
    <lines_library>
      <_arrowThickness>1</_arrowThickness>
      <_lineColor>0xFFFFFF</_lineColor>
      <_lineStyle>0</_lineStyle>
      <_lineThickness>1</_lineThickness>
      <_lineType>4</_lineType>
      <_linesLibraryId>11</_linesLibraryId>
      <_useArrowHead>0</_useArrowHead>
      <_useHandles>TRUE</_useHandles>
    </lines_library>
    <lines_library>
      <_arrowThickness>1</_arrowThickness>
      <_lineColor>0xFFFFFF</_lineColor>
      <_lineStyle>3</_lineStyle>
      <_lineThickness>1</_lineThickness>
      <_lineType>0</_lineType>
      <_linesLibraryId>12</_linesLibraryId>
      <_useArrowHead>0</_useArrowHead>
      <_useHandles>TRUE</_useHandles>
    </lines_library>
    <lines_library>
      <_arrowThickness>1</_arrowThickness>
      <_lineColor>0xFFFFFF</_lineColor>
      <_lineStyle>3</_lineStyle>
      <_lineThickness>1</_lineThickness>
      <_lineType>1</_lineType>
      <_linesLibraryId>13</_linesLibraryId>
      <_useArrowHead>0</_useArrowHead>
      <_useHandles>TRUE</_useHandles>
    </lines_library>
    <lines_library>
      <_arrowThickness>1</_arrowThickness>
      <_lineColor>0xFFFFFF</_lineColor>
      <_lineStyle>0</_lineStyle>
      <_lineThickness>2</_lineThickness>
      <_lineType>5</_lineType>
      <_linesLibraryId>14</_linesLibraryId>
      <_useArrowHead>0</_useArrowHead>
      <_useHandles>TRUE</_useHandles>
    </lines_library>
    <link_item>
      <_itemCode>youtube_help</_itemCode>
      <_itemLocation>/static_links/creating_youtube_videos.pdf</_itemLocation>
    </link_item>
    <screen>
      <_animAutoplay>TRUE</_animAutoplay>
      <_animId></_animId>
      <_animKeyframeDuration></_animKeyframeDuration>
      <_animKeyframeId></_animKeyframeId>
      <_animLoop>TRUE</_animLoop>
      <_cameraFOV></_cameraFOV>
      <_cameraPanAngle>359.70</_cameraPanAngle>
      <_cameraTarget>0</_cameraTarget>
      <_cameraTiltAngle>43.60</_cameraTiltAngle>
      <_cameraType>0</_cameraType>
      <_cameraZoom>8.00</_cameraZoom>
      <_dbTransitionId>2206680</_dbTransitionId>
      <_globalObjScale>1.00</_globalObjScale>
      <_globalRotationY>259.13</_globalRotationY>
      <_pitchFloorId>1</_pitchFloorId>
      <_pitchMarksId>1</_pitchMarksId>
      <_screenCategoryId>33</_screenCategoryId>
      <_screenComments>&lt;p&gt;Simple combination passing pattern to develop player final third passing and switching play ability &lt;/p&gt;&lt;p&gt;player pass according to passing arrow and follow their passes.  &lt;/p&gt;&lt;p&gt;&lt;/p&gt;&lt;p&gt;Progression:&lt;/p&gt;&lt;p&gt;give and go on the final pass before ball heading to the start &lt;/p&gt;&lt;p&gt;&lt;/p&gt;&lt;p&gt;4 balls going at the same time &lt;/p&gt;</_screenComments>
      <_screenId>0</_screenId>
      <_screenSortOrder>0</_screenSortOrder>
      <_screenTitle>Screen 1</_screenTitle>
      <_skillsPhysical>-1</_skillsPhysical>
      <_skillsPhysicalComment></_skillsPhysicalComment>
      <_skillsPsychological>-1</_skillsPsychological>
      <_skillsPsychologicalComment></_skillsPsychologicalComment>
      <_skillsSocial>-1</_skillsSocial>
      <_skillsSocialComment></_skillsSocialComment>
      <_skillsTactical>-1</_skillsTactical>
      <_skillsTacticalComment></_skillsTacticalComment>
      <_skillsTechnical>-1</_skillsTechnical>
      <_skillsTechnicalComment></_skillsTechnicalComment>
      <_timeSpent>0</_timeSpent>
      <equipment>
        <_animObjectId>0</_animObjectId>
        <_animObjectVisibility></_animObjectVisibility>
        <_animTimeFrom></_animTimeFrom>
        <_animTimeTo></_animTimeTo>
        <_equipColor>-1</_equipColor>
        <_equipmentLibraryId>2</_equipmentLibraryId>
        <_flipH>FALSE</_flipH>
        <_onlyDefaultPitches>FALSE</_onlyDefaultPitches>
        <_pathData></_pathData>
        <_rotationY>0.00</_rotationY>
        <_size>1.00</_size>
        <_transparency>FALSE</_transparency>
        <_x>762.05</_x>
        <_y>0.00</_y>
        <_z>345.76</_z>
      </equipment>
      <equipment>
        <_animObjectId>0</_animObjectId>
        <_animObjectVisibility></_animObjectVisibility>
        <_animTimeFrom></_animTimeFrom>
        <_animTimeTo></_animTimeTo>
        <_equipColor>-1</_equipColor>
        <_equipmentLibraryId>2</_equipmentLibraryId>
        <_flipH>FALSE</_flipH>
        <_onlyDefaultPitches>FALSE</_onlyDefaultPitches>
        <_pathData></_pathData>
        <_rotationY>0.00</_rotationY>
        <_size>1.00</_size>
        <_transparency>FALSE</_transparency>
        <_x>-917.97</_x>
        <_y>0.00</_y>
        <_z>-380.54</_z>
      </equipment>
      <equipment>
        <_animObjectId>0</_animObjectId>
        <_animObjectVisibility></_animObjectVisibility>
        <_animTimeFrom></_animTimeFrom>
        <_animTimeTo></_animTimeTo>
        <_equipColor>-1</_equipColor>
        <_equipmentLibraryId>2</_equipmentLibraryId>
        <_flipH>FALSE</_flipH>
        <_onlyDefaultPitches>FALSE</_onlyDefaultPitches>
        <_pathData></_pathData>
        <_rotationY>0.00</_rotationY>
        <_size>1.00</_size>
        <_transparency>FALSE</_transparency>
        <_x>887.42</_x>
        <_y>0.00</_y>
        <_z>397.41</_z>
      </equipment>
      <equipment>
        <_animObjectId>0</_animObjectId>
        <_animObjectVisibility></_animObjectVisibility>
        <_animTimeFrom></_animTimeFrom>
        <_animTimeTo></_animTimeTo>
        <_equipColor>-1</_equipColor>
        <_equipmentLibraryId>2</_equipmentLibraryId>
        <_flipH>FALSE</_flipH>
        <_onlyDefaultPitches>FALSE</_onlyDefaultPitches>
        <_pathData></_pathData>
        <_rotationY>0.00</_rotationY>
        <_size>1.00</_size>
        <_transparency>FALSE</_transparency>
        <_x>-946.40</_x>
        <_y>0.00</_y>
        <_z>-475.01</_z>
      </equipment>
      <equipment>
        <_animObjectId>0</_animObjectId>
        <_animObjectVisibility></_animObjectVisibility>
        <_animTimeFrom></_animTimeFrom>
        <_animTimeTo></_animTimeTo>
        <_equipColor>-1</_equipColor>
        <_equipmentLibraryId>6</_equipmentLibraryId>
        <_flipH>FALSE</_flipH>
        <_onlyDefaultPitches>FALSE</_onlyDefaultPitches>
        <_pathData>0.00|0.00|0.00|0.00|0.00|0.00|0.00|0.00|-73.99</_pathData>
        <_rotationY>349.79</_rotationY>
        <_size>1.00</_size>
        <_transparency>FALSE</_transparency>
        <_x>768.97</_x>
        <_y>0.00</_y>
        <_z>377.51</_z>
      </equipment>
      <equipment>
        <_animObjectId>0</_animObjectId>
        <_animObjectVisibility></_animObjectVisibility>
        <_animTimeFrom></_animTimeFrom>
        <_animTimeTo></_animTimeTo>
        <_equipColor>-1</_equipColor>
        <_equipmentLibraryId>6</_equipmentLibraryId>
        <_flipH>FALSE</_flipH>
        <_onlyDefaultPitches>FALSE</_onlyDefaultPitches>
        <_pathData></_pathData>
        <_rotationY>0.00</_rotationY>
        <_size>1.00</_size>
        <_transparency>FALSE</_transparency>
        <_x>-643.51</_x>
        <_y>0.00</_y>
        <_z>-433.05</_z>
      </equipment>
      <equipment>
        <_animObjectId>0</_animObjectId>
        <_animObjectVisibility></_animObjectVisibility>
        <_animTimeFrom></_animTimeFrom>
        <_animTimeTo></_animTimeTo>
        <_equipColor>-1</_equipColor>
        <_equipmentLibraryId>6</_equipmentLibraryId>
        <_flipH>FALSE</_flipH>
        <_onlyDefaultPitches>FALSE</_onlyDefaultPitches>
        <_pathData></_pathData>
        <_rotationY>0.00</_rotationY>
        <_size>1.00</_size>
        <_transparency>FALSE</_transparency>
        <_x>-20.35</_x>
        <_y>0.00</_y>
        <_z>392.66</_z>
      </equipment>
      <equipment>
        <_animObjectId>0</_animObjectId>
        <_animObjectVisibility></_animObjectVisibility>
        <_animTimeFrom></_animTimeFrom>
        <_animTimeTo></_animTimeTo>
        <_equipColor>-1</_equipColor>
        <_equipmentLibraryId>6</_equipmentLibraryId>
        <_flipH>FALSE</_flipH>
        <_onlyDefaultPitches>FALSE</_onlyDefaultPitches>
        <_pathData></_pathData>
        <_rotationY>0.00</_rotationY>
        <_size>1.00</_size>
        <_transparency>FALSE</_transparency>
        <_x>780.18</_x>
        <_y>0.00</_y>
        <_z>-461.37</_z>
      </equipment>
      <equipment>
        <_animObjectId>0</_animObjectId>
        <_animObjectVisibility></_animObjectVisibility>
        <_animTimeFrom></_animTimeFrom>
        <_animTimeTo></_animTimeTo>
        <_equipColor>-1</_equipColor>
        <_equipmentLibraryId>6</_equipmentLibraryId>
        <_flipH>FALSE</_flipH>
        <_onlyDefaultPitches>FALSE</_onlyDefaultPitches>
        <_pathData></_pathData>
        <_rotationY>269.70</_rotationY>
        <_size>1.00</_size>
        <_transparency>FALSE</_transparency>
        <_x>-973.64</_x>
        <_y>0.00</_y>
        <_z>276.78</_z>
      </equipment>
      <equipment>
        <_animObjectId>0</_animObjectId>
        <_animObjectVisibility></_animObjectVisibility>
        <_animTimeFrom></_animTimeFrom>
        <_animTimeTo></_animTimeTo>
        <_equipColor>-1</_equipColor>
        <_equipmentLibraryId>6</_equipmentLibraryId>
        <_flipH>FALSE</_flipH>
        <_onlyDefaultPitches>FALSE</_onlyDefaultPitches>
        <_pathData></_pathData>
        <_rotationY>269.70</_rotationY>
        <_size>1.00</_size>
        <_transparency>FALSE</_transparency>
        <_x>-965.56</_x>
        <_y>0.00</_y>
        <_z>-400.10</_z>
      </equipment>
      <equipment>
        <_animObjectId>0</_animObjectId>
        <_animObjectVisibility></_animObjectVisibility>
        <_animTimeFrom></_animTimeFrom>
        <_animTimeTo></_animTimeTo>
        <_equipColor>-1</_equipColor>
        <_equipmentLibraryId>6</_equipmentLibraryId>
        <_flipH>FALSE</_flipH>
        <_onlyDefaultPitches>FALSE</_onlyDefaultPitches>
        <_pathData></_pathData>
        <_rotationY>0.00</_rotationY>
        <_size>1.00</_size>
        <_transparency>FALSE</_transparency>
        <_x>-22.59</_x>
        <_y>0.00</_y>
        <_z>-450.37</_z>
      </equipment>
      <equipment>
        <_animObjectId>0</_animObjectId>
        <_animObjectVisibility></_animObjectVisibility>
        <_animTimeFrom></_animTimeFrom>
        <_animTimeTo></_animTimeTo>
        <_equipColor>-1</_equipColor>
        <_equipmentLibraryId>6</_equipmentLibraryId>
        <_flipH>FALSE</_flipH>
        <_onlyDefaultPitches>FALSE</_onlyDefaultPitches>
        <_pathData></_pathData>
        <_rotationY>0.00</_rotationY>
        <_size>1.00</_size>
        <_transparency>FALSE</_transparency>
        <_x>-629.06</_x>
        <_y>0.00</_y>
        <_z>416.60</_z>
      </equipment>
      <equipment>
        <_animObjectId>0</_animObjectId>
        <_animObjectVisibility></_animObjectVisibility>
        <_animTimeFrom></_animTimeFrom>
        <_animTimeTo></_animTimeTo>
        <_equipColor>-1</_equipColor>
        <_equipmentLibraryId>9</_equipmentLibraryId>
        <_flipH>FALSE</_flipH>
        <_onlyDefaultPitches>TRUE</_onlyDefaultPitches>
        <_pathData></_pathData>
        <_rotationY>90.00</_rotationY>
        <_size>1.00</_size>
        <_transparency>FALSE</_transparency>
        <_x>1172.00</_x>
        <_y>0.00</_y>
        <_z>0.00</_z>
      </equipment>
      <equipment>
        <_animObjectId>0</_animObjectId>
        <_animObjectVisibility></_animObjectVisibility>
        <_animTimeFrom></_animTimeFrom>
        <_animTimeTo></_animTimeTo>
        <_equipColor>-1</_equipColor>
        <_equipmentLibraryId>9</_equipmentLibraryId>
        <_flipH>FALSE</_flipH>
        <_onlyDefaultPitches>TRUE</_onlyDefaultPitches>
        <_pathData></_pathData>
        <_rotationY>270.00</_rotationY>
        <_size>1.00</_size>
        <_transparency>FALSE</_transparency>
        <_x>-1172.00</_x>
        <_y>0.00</_y>
        <_z>0.00</_z>
      </equipment>
      <line>
        <_animObjectId>0</_animObjectId>
        <_animObjectVisibility></_animObjectVisibility>
        <_animTimeFrom></_animTimeFrom>
        <_animTimeTo></_animTimeTo>
        <_arrowThickness>-1</_arrowThickness>
        <_lineColor>-1</_lineColor>
        <_lineStyle>-1</_lineStyle>
        <_lineThickness>-1</_lineThickness>
        <_lineType>-1</_lineType>
        <_linesLibraryId>3</_linesLibraryId>
        <_pathCommands>0</_pathCommands>
        <_pathData>M|-540.12|0.00|389.94|-540.12|0.00|389.94|-540.12|0.00|389.94|L|-540.12|0.00|389.94|-540.12|0.00|389.94|722.89|0.00|-431.23</_pathData>
        <_useArrowHead>-1</_useArrowHead>
        <_useHandles>-1</_useHandles>
      </line>
      <line>
        <_animObjectId>0</_animObjectId>
        <_animObjectVisibility></_animObjectVisibility>
        <_animTimeFrom></_animTimeFrom>
        <_animTimeTo></_animTimeTo>
        <_arrowThickness>-1</_arrowThickness>
        <_lineColor>-1</_lineColor>
        <_lineStyle>-1</_lineStyle>
        <_lineThickness>-1</_lineThickness>
        <_lineType>-1</_lineType>
        <_linesLibraryId>3</_linesLibraryId>
        <_pathCommands>0</_pathCommands>
        <_pathData>M|-562.41|0.00|-457.94|-562.41|0.00|-457.94|-562.41|0.00|-457.94|L|-562.41|0.00|-457.94|-562.41|0.00|-457.94|-179.83|0.00|-430.98</_pathData>
        <_useArrowHead>-1</_useArrowHead>
        <_useHandles>-1</_useHandles>
      </line>
      <line>
        <_animObjectId>0</_animObjectId>
        <_animObjectVisibility></_animObjectVisibility>
        <_animTimeFrom></_animTimeFrom>
        <_animTimeTo></_animTimeTo>
        <_arrowThickness>-1</_arrowThickness>
        <_lineColor>-1</_lineColor>
        <_lineStyle>-1</_lineStyle>
        <_lineThickness>-1</_lineThickness>
        <_lineType>-1</_lineType>
        <_linesLibraryId>3</_linesLibraryId>
        <_pathCommands>0</_pathCommands>
        <_pathData>M|-978.22|0.00|219.84|-978.22|0.00|219.84|-978.22|0.00|219.84|L|-978.22|0.00|219.84|-978.22|0.00|219.84|-986.62|0.00|-341.93</_pathData>
        <_useArrowHead>-1</_useArrowHead>
        <_useHandles>-1</_useHandles>
      </line>
      <line>
        <_animObjectId>0</_animObjectId>
        <_animObjectVisibility></_animObjectVisibility>
        <_animTimeFrom></_animTimeFrom>
        <_animTimeTo></_animTimeTo>
        <_arrowThickness>-1</_arrowThickness>
        <_lineColor>-1</_lineColor>
        <_lineStyle>-1</_lineStyle>
        <_lineThickness>-1</_lineThickness>
        <_lineType>-1</_lineType>
        <_linesLibraryId>3</_linesLibraryId>
        <_pathCommands>0</_pathCommands>
        <_pathData>M|756.39|0.00|361.51|756.39|0.00|361.51|756.39|0.00|361.51|L|756.39|0.00|361.51|756.39|0.00|361.51|-570.74|0.00|-403.31</_pathData>
        <_useArrowHead>-1</_useArrowHead>
        <_useHandles>-1</_useHandles>
      </line>
      <line>
        <_animObjectId>0</_animObjectId>
        <_animObjectVisibility></_animObjectVisibility>
        <_animTimeFrom></_animTimeFrom>
        <_animTimeTo></_animTimeTo>
        <_arrowThickness>-1</_arrowThickness>
        <_lineColor>-1</_lineColor>
        <_lineStyle>-1</_lineStyle>
        <_lineThickness>-1</_lineThickness>
        <_lineType>-1</_lineType>
        <_linesLibraryId>3</_linesLibraryId>
        <_pathCommands>0</_pathCommands>
        <_pathData>M|-144.80|0.00|392.01|-144.80|0.00|392.01|-144.80|0.00|392.01|L|-144.80|0.00|392.01|-144.80|0.00|392.01|-500.93|0.00|424.98</_pathData>
        <_useArrowHead>-1</_useArrowHead>
        <_useHandles>-1</_useHandles>
      </line>
      <line>
        <_animObjectId>0</_animObjectId>
        <_animObjectVisibility></_animObjectVisibility>
        <_animTimeFrom></_animTimeFrom>
        <_animTimeTo></_animTimeTo>
        <_arrowThickness>-1</_arrowThickness>
        <_lineColor>-1</_lineColor>
        <_lineStyle>-1</_lineStyle>
        <_lineThickness>-1</_lineThickness>
        <_lineType>-1</_lineType>
        <_linesLibraryId>3</_linesLibraryId>
        <_pathCommands>0</_pathCommands>
        <_pathData>M|-129.77|0.00|-401.00|-129.77|0.00|-401.00|-129.77|0.00|-401.00|L|-129.77|0.00|-401.00|-129.77|0.00|-401.00|-916.81|0.00|256.87</_pathData>
        <_useArrowHead>-1</_useArrowHead>
        <_useHandles>-1</_useHandles>
      </line>
      <line>
        <_animObjectId>0</_animObjectId>
        <_animObjectVisibility></_animObjectVisibility>
        <_animTimeFrom></_animTimeFrom>
        <_animTimeTo></_animTimeTo>
        <_arrowThickness>-1</_arrowThickness>
        <_lineColor>-1</_lineColor>
        <_lineStyle>-1</_lineStyle>
        <_lineThickness>-1</_lineThickness>
        <_lineType>-1</_lineType>
        <_linesLibraryId>3</_linesLibraryId>
        <_pathCommands>0</_pathCommands>
        <_pathData>M|816.35|0.00|-415.83|816.35|0.00|-415.83|816.35|0.00|-415.83|L|816.35|0.00|-415.83|816.35|0.00|-415.83|801.03|0.00|330.10</_pathData>
        <_useArrowHead>-1</_useArrowHead>
        <_useHandles>-1</_useHandles>
      </line>
      <line>
        <_animObjectId>0</_animObjectId>
        <_animObjectVisibility></_animObjectVisibility>
        <_animTimeFrom></_animTimeFrom>
        <_animTimeTo></_animTimeTo>
        <_arrowThickness>-1</_arrowThickness>
        <_lineColor>-1</_lineColor>
        <_lineStyle>-1</_lineStyle>
        <_lineThickness>-1</_lineThickness>
        <_lineType>-1</_lineType>
        <_linesLibraryId>3</_linesLibraryId>
        <_pathCommands>0</_pathCommands>
        <_pathData>M|-917.97|0.00|-380.54|-917.97|0.00|-380.54|-917.97|0.00|-380.54|L|-917.97|0.00|-380.54|-917.97|0.00|-380.54|-138.05|0.00|356.82</_pathData>
        <_useArrowHead>-1</_useArrowHead>
        <_useHandles>-1</_useHandles>
      </line>
      <player>
        <_accessories></_accessories>
        <_animObjectId>0</_animObjectId>
        <_animObjectVisibility></_animObjectVisibility>
        <_animTimeFrom></_animTimeFrom>
        <_animTimeTo></_animTimeTo>
        <_bottomColor>-1</_bottomColor>
        <_flipH>FALSE</_flipH>
        <_hairColor>-1</_hairColor>
        <_hairType>-1</_hairType>
        <_kitId>0</_kitId>
        <_kitTypeId>0</_kitTypeId>
        <_playerLibraryId>1</_playerLibraryId>
        <_rotationY>81.64</_rotationY>
        <_shoesColor>-1</_shoesColor>
        <_skinColor>-1</_skinColor>
        <_skinTexture>-1</_skinTexture>
        <_socksColor>-1</_socksColor>
        <_stripesColor>-1</_stripesColor>
        <_stripesType>-1</_stripesType>
        <_topColor>-1</_topColor>
        <_transparency>FALSE</_transparency>
        <_x>849.60</_x>
        <_y>0.00</_y>
        <_z>-450.55</_z>
      </player>
      <player>
        <_accessories></_accessories>
        <_animObjectId>0</_animObjectId>
        <_animObjectVisibility></_animObjectVisibility>
        <_animTimeFrom></_animTimeFrom>
        <_animTimeTo></_animTimeTo>
        <_bottomColor>-1</_bottomColor>
        <_flipH>FALSE</_flipH>
        <_hairColor>-1</_hairColor>
        <_hairType>-1</_hairType>
        <_kitId>0</_kitId>
        <_kitTypeId>0</_kitTypeId>
        <_playerLibraryId>1</_playerLibraryId>
        <_rotationY>81.64</_rotationY>
        <_shoesColor>-1</_shoesColor>
        <_skinColor>-1</_skinColor>
        <_skinTexture>-1</_skinTexture>
        <_socksColor>-1</_socksColor>
        <_stripesColor>-1</_stripesColor>
        <_stripesType>-1</_stripesType>
        <_topColor>-1</_topColor>
        <_transparency>FALSE</_transparency>
        <_x>-75.13</_x>
        <_y>0.00</_y>
        <_z>411.77</_z>
      </player>
      <player>
        <_accessories></_accessories>
        <_animObjectId>0</_animObjectId>
        <_animObjectVisibility></_animObjectVisibility>
        <_animTimeFrom></_animTimeFrom>
        <_animTimeTo></_animTimeTo>
        <_bottomColor>-1</_bottomColor>
        <_flipH>FALSE</_flipH>
        <_hairColor>-1</_hairColor>
        <_hairType>-1</_hairType>
        <_kitId>0</_kitId>
        <_kitTypeId>0</_kitTypeId>
        <_playerLibraryId>1</_playerLibraryId>
        <_rotationY>81.64</_rotationY>
        <_shoesColor>-1</_shoesColor>
        <_skinColor>-1</_skinColor>
        <_skinTexture>-1</_skinTexture>
        <_socksColor>-1</_socksColor>
        <_stripesColor>-1</_stripesColor>
        <_stripesType>-1</_stripesType>
        <_topColor>-1</_topColor>
        <_transparency>FALSE</_transparency>
        <_x>-68.34</_x>
        <_y>0.00</_y>
        <_z>-430.14</_z>
      </player>
      <player>
        <_accessories></_accessories>
        <_animObjectId>0</_animObjectId>
        <_animObjectVisibility></_animObjectVisibility>
        <_animTimeFrom></_animTimeFrom>
        <_animTimeTo></_animTimeTo>
        <_bottomColor>-1</_bottomColor>
        <_flipH>FALSE</_flipH>
        <_hairColor>-1</_hairColor>
        <_hairType>-1</_hairType>
        <_kitId>0</_kitId>
        <_kitTypeId>0</_kitTypeId>
        <_playerLibraryId>1</_playerLibraryId>
        <_rotationY>236.61</_rotationY>
        <_shoesColor>-1</_shoesColor>
        <_skinColor>-1</_skinColor>
        <_skinTexture>-1</_skinTexture>
        <_socksColor>-1</_socksColor>
        <_stripesColor>-1</_stripesColor>
        <_stripesType>-1</_stripesType>
        <_topColor>-1</_topColor>
        <_transparency>FALSE</_transparency>
        <_x>-1152.45</_x>
        <_y>0.00</_y>
        <_z>-516.57</_z>
      </player>
      <player>
        <_accessories></_accessories>
        <_animObjectId>0</_animObjectId>
        <_animObjectVisibility></_animObjectVisibility>
        <_animTimeFrom></_animTimeFrom>
        <_animTimeTo></_animTimeTo>
        <_bottomColor>-1</_bottomColor>
        <_flipH>FALSE</_flipH>
        <_hairColor>-1</_hairColor>
        <_hairType>-1</_hairType>
        <_kitId>0</_kitId>
        <_kitTypeId>0</_kitTypeId>
        <_playerLibraryId>1</_playerLibraryId>
        <_rotationY>269.70</_rotationY>
        <_shoesColor>-1</_shoesColor>
        <_skinColor>-1</_skinColor>
        <_skinTexture>-1</_skinTexture>
        <_socksColor>-1</_socksColor>
        <_stripesColor>-1</_stripesColor>
        <_stripesType>-1</_stripesType>
        <_topColor>-1</_topColor>
        <_transparency>FALSE</_transparency>
        <_x>-614.95</_x>
        <_y>0.00</_y>
        <_z>-438.24</_z>
      </player>
      <player>
        <_accessories></_accessories>
        <_animObjectId>0</_animObjectId>
        <_animObjectVisibility></_animObjectVisibility>
        <_animTimeFrom></_animTimeFrom>
        <_animTimeTo></_animTimeTo>
        <_bottomColor>-1</_bottomColor>
        <_flipH>FALSE</_flipH>
        <_hairColor>-1</_hairColor>
        <_hairType>-1</_hairType>
        <_kitId>0</_kitId>
        <_kitTypeId>0</_kitTypeId>
        <_playerLibraryId>1</_playerLibraryId>
        <_rotationY>81.64</_rotationY>
        <_shoesColor>-1</_shoesColor>
        <_skinColor>-1</_skinColor>
        <_skinTexture>-1</_skinTexture>
        <_socksColor>-1</_socksColor>
        <_stripesColor>-1</_stripesColor>
        <_stripesType>-1</_stripesType>
        <_topColor>-1</_topColor>
        <_transparency>FALSE</_transparency>
        <_x>813.17</_x>
        <_y>0.00</_y>
        <_z>377.51</_z>
      </player>
      <player>
        <_accessories></_accessories>
        <_animObjectId>0</_animObjectId>
        <_animObjectVisibility></_animObjectVisibility>
        <_animTimeFrom></_animTimeFrom>
        <_animTimeTo></_animTimeTo>
        <_bottomColor>-1</_bottomColor>
        <_flipH>FALSE</_flipH>
        <_hairColor>-1</_hairColor>
        <_hairType>-1</_hairType>
        <_kitId>0</_kitId>
        <_kitTypeId>0</_kitTypeId>
        <_playerLibraryId>1</_playerLibraryId>
        <_rotationY>269.70</_rotationY>
        <_shoesColor>-1</_shoesColor>
        <_skinColor>-1</_skinColor>
        <_skinTexture>-1</_skinTexture>
        <_socksColor>-1</_socksColor>
        <_stripesColor>-1</_stripesColor>
        <_stripesType>-1</_stripesType>
        <_topColor>-1</_topColor>
        <_transparency>FALSE</_transparency>
        <_x>-565.47</_x>
        <_y>0.00</_y>
        <_z>436.16</_z>
      </player>
      <player>
        <_accessories></_accessories>
        <_animObjectId>0</_animObjectId>
        <_animObjectVisibility></_animObjectVisibility>
        <_animTimeFrom></_animTimeFrom>
        <_animTimeTo></_animTimeTo>
        <_bottomColor>-1</_bottomColor>
        <_flipH>FALSE</_flipH>
        <_hairColor>-1</_hairColor>
        <_hairType>-1</_hairType>
        <_kitId>0</_kitId>
        <_kitTypeId>0</_kitTypeId>
        <_playerLibraryId>1</_playerLibraryId>
        <_rotationY>81.64</_rotationY>
        <_shoesColor>-1</_shoesColor>
        <_skinColor>-1</_skinColor>
        <_skinTexture>-1</_skinTexture>
        <_socksColor>-1</_socksColor>
        <_stripesColor>-1</_stripesColor>
        <_stripesType>-1</_stripesType>
        <_topColor>-1</_topColor>
        <_transparency>FALSE</_transparency>
        <_x>898.78</_x>
        <_y>0.00</_y>
        <_z>370.11</_z>
      </player>
      <player>
        <_accessories></_accessories>
        <_animObjectId>0</_animObjectId>
        <_animObjectVisibility></_animObjectVisibility>
        <_animTimeFrom></_animTimeFrom>
        <_animTimeTo></_animTimeTo>
        <_bottomColor>-1</_bottomColor>
        <_flipH>FALSE</_flipH>
        <_hairColor>-1</_hairColor>
        <_hairType>-1</_hairType>
        <_kitId>0</_kitId>
        <_kitTypeId>0</_kitTypeId>
        <_playerLibraryId>1</_playerLibraryId>
        <_rotationY>259.13</_rotationY>
        <_shoesColor>-1</_shoesColor>
        <_skinColor>-1</_skinColor>
        <_skinTexture>-1</_skinTexture>
        <_socksColor>-1</_socksColor>
        <_stripesColor>-1</_stripesColor>
        <_stripesType>-1</_stripesType>
        <_topColor>-1</_topColor>
        <_transparency>FALSE</_transparency>
        <_x>-1010.34</_x>
        <_y>0.00</_y>
        <_z>280.40</_z>
      </player>
      <player>
        <_accessories></_accessories>
        <_animObjectId>0</_animObjectId>
        <_animObjectVisibility></_animObjectVisibility>
        <_animTimeFrom></_animTimeFrom>
        <_animTimeTo></_animTimeTo>
        <_bottomColor>-1</_bottomColor>
        <_flipH>FALSE</_flipH>
        <_hairColor>-1</_hairColor>
        <_hairType>-1</_hairType>
        <_kitId>0</_kitId>
        <_kitTypeId>0</_kitTypeId>
        <_playerLibraryId>1</_playerLibraryId>
        <_rotationY>236.61</_rotationY>
        <_shoesColor>-1</_shoesColor>
        <_skinColor>-1</_skinColor>
        <_skinTexture>-1</_skinTexture>
        <_socksColor>-1</_socksColor>
        <_stripesColor>-1</_stripesColor>
        <_stripesType>-1</_stripesType>
        <_topColor>-1</_topColor>
        <_transparency>FALSE</_transparency>
        <_x>-998.68</_x>
        <_y>0.00</_y>
        <_z>-400.62</_z>
      </player>
      <player>
        <_accessories></_accessories>
        <_animObjectId>0</_animObjectId>
        <_animObjectVisibility></_animObjectVisibility>
        <_animTimeFrom></_animTimeFrom>
        <_animTimeTo></_animTimeTo>
        <_bottomColor>-1</_bottomColor>
        <_flipH>FALSE</_flipH>
        <_hairColor>-1</_hairColor>
        <_hairType>-1</_hairType>
        <_kitId>0</_kitId>
        <_kitTypeId>0</_kitTypeId>
        <_playerLibraryId>1</_playerLibraryId>
        <_rotationY>236.61</_rotationY>
        <_shoesColor>-1</_shoesColor>
        <_skinColor>-1</_skinColor>
        <_skinTexture>-1</_skinTexture>
        <_socksColor>-1</_socksColor>
        <_stripesColor>-1</_stripesColor>
        <_stripesType>-1</_stripesType>
        <_topColor>-1</_topColor>
        <_transparency>FALSE</_transparency>
        <_x>-1074.47</_x>
        <_y>0.00</_y>
        <_z>-440.65</_z>
      </player>
      <player>
        <_accessories></_accessories>
        <_animObjectId>0</_animObjectId>
        <_animObjectVisibility></_animObjectVisibility>
        <_animTimeFrom></_animTimeFrom>
        <_animTimeTo></_animTimeTo>
        <_bottomColor>-1</_bottomColor>
        <_flipH>FALSE</_flipH>
        <_hairColor>-1</_hairColor>
        <_hairType>-1</_hairType>
        <_kitId>0</_kitId>
        <_kitTypeId>0</_kitTypeId>
        <_playerLibraryId>1</_playerLibraryId>
        <_rotationY>81.64</_rotationY>
        <_shoesColor>-1</_shoesColor>
        <_skinColor>-1</_skinColor>
        <_skinTexture>-1</_skinTexture>
        <_socksColor>-1</_socksColor>
        <_stripesColor>-1</_stripesColor>
        <_stripesType>-1</_stripesType>
        <_topColor>-1</_topColor>
        <_transparency>FALSE</_transparency>
        <_x>991.96</_x>
        <_y>0.00</_y>
        <_z>362.74</_z>
      </player>
    </screen>
    <screen>
      <_animAutoplay></_animAutoplay>
      <_animId></_animId>
      <_animKeyframeDuration></_animKeyframeDuration>
      <_animKeyframeId></_animKeyframeId>
      <_animLoop></_animLoop>
      <_cameraFOV></_cameraFOV>
      <_cameraPanAngle>359.70</_cameraPanAngle>
      <_cameraTarget>0</_cameraTarget>
      <_cameraTiltAngle>43.60</_cameraTiltAngle>
      <_cameraType>0</_cameraType>
      <_cameraZoom>8.00</_cameraZoom>
      <_dbTransitionId>2206705</_dbTransitionId>
      <_globalObjScale>1.00</_globalObjScale>
      <_globalRotationY>265.03</_globalRotationY>
      <_pitchFloorId>1</_pitchFloorId>
      <_pitchMarksId>1</_pitchMarksId>
      <_screenCategoryId>33</_screenCategoryId>
      <_screenComments>&lt;p&gt;1. players dribble to 1st cone and pass back to start, as this happened both player who pass back make a diagonal run to receive another pass and pass it back on touch passing and follow pass. 2nd passer sprint to the back of the start line. &lt;/p&gt;&lt;p&gt;&lt;/p&gt;&lt;p&gt;2. technical passing side volley,  instep volley, header and player receive 2nd ball and dribble to far cone. &lt;/p&gt;&lt;p&gt;&lt;/p&gt;&lt;p&gt;3. two players combine passes to each other until they reach 1st cone, as this happened the last play to receive a pass take the ball back and begin a new combination passes while the 1st player move on to receive 2nd pass and play a give n go with that player. &lt;/p&gt;</_screenComments>
      <_screenId>1</_screenId>
      <_screenSortOrder>1</_screenSortOrder>
      <_screenTitle>Screen 2</_screenTitle>
      <_skillsPhysical>-1</_skillsPhysical>
      <_skillsPhysicalComment></_skillsPhysicalComment>
      <_skillsPsychological>-1</_skillsPsychological>
      <_skillsPsychologicalComment></_skillsPsychologicalComment>
      <_skillsSocial>-1</_skillsSocial>
      <_skillsSocialComment></_skillsSocialComment>
      <_skillsTactical>-1</_skillsTactical>
      <_skillsTacticalComment></_skillsTacticalComment>
      <_skillsTechnical>-1</_skillsTechnical>
      <_skillsTechnicalComment></_skillsTechnicalComment>
      <_timeSpent>0</_timeSpent>
      <equipment>
        <_animObjectId>0</_animObjectId>
        <_animObjectVisibility></_animObjectVisibility>
        <_animTimeFrom></_animTimeFrom>
        <_animTimeTo></_animTimeTo>
        <_equipColor>-1</_equipColor>
        <_equipmentLibraryId>2</_equipmentLibraryId>
        <_flipH>FALSE</_flipH>
        <_onlyDefaultPitches>FALSE</_onlyDefaultPitches>
        <_pathData></_pathData>
        <_rotationY>0.00</_rotationY>
        <_size>1.00</_size>
        <_transparency>FALSE</_transparency>
        <_x>856.21</_x>
        <_y>0.00</_y>
        <_z>-371.26</_z>
      </equipment>
      <equipment>
        <_animObjectId>0</_animObjectId>
        <_animObjectVisibility></_animObjectVisibility>
        <_animTimeFrom></_animTimeFrom>
        <_animTimeTo></_animTimeTo>
        <_equipColor>-1</_equipColor>
        <_equipmentLibraryId>2</_equipmentLibraryId>
        <_flipH>FALSE</_flipH>
        <_onlyDefaultPitches>FALSE</_onlyDefaultPitches>
        <_pathData></_pathData>
        <_rotationY>0.00</_rotationY>
        <_size>1.00</_size>
        <_transparency>FALSE</_transparency>
        <_x>771.45</_x>
        <_y>0.00</_y>
        <_z>-421.03</_z>
      </equipment>
      <equipment>
        <_animObjectId>0</_animObjectId>
        <_animObjectVisibility></_animObjectVisibility>
        <_animTimeFrom></_animTimeFrom>
        <_animTimeTo></_animTimeTo>
        <_equipColor>-1</_equipColor>
        <_equipmentLibraryId>2</_equipmentLibraryId>
        <_flipH>FALSE</_flipH>
        <_onlyDefaultPitches>FALSE</_onlyDefaultPitches>
        <_pathData></_pathData>
        <_rotationY>0.00</_rotationY>
        <_size>1.00</_size>
        <_transparency>FALSE</_transparency>
        <_x>-1039.50</_x>
        <_y>0.00</_y>
        <_z>260.27</_z>
      </equipment>
      <equipment>
        <_animObjectId>0</_animObjectId>
        <_animObjectVisibility></_animObjectVisibility>
        <_animTimeFrom></_animTimeFrom>
        <_animTimeTo></_animTimeTo>
        <_equipColor>-1</_equipColor>
        <_equipmentLibraryId>2</_equipmentLibraryId>
        <_flipH>FALSE</_flipH>
        <_onlyDefaultPitches>FALSE</_onlyDefaultPitches>
        <_pathData></_pathData>
        <_rotationY>0.00</_rotationY>
        <_size>1.00</_size>
        <_transparency>FALSE</_transparency>
        <_x>-904.96</_x>
        <_y>0.00</_y>
        <_z>289.21</_z>
      </equipment>
      <equipment>
        <_animObjectId>0</_animObjectId>
        <_animObjectVisibility></_animObjectVisibility>
        <_animTimeFrom></_animTimeFrom>
        <_animTimeTo></_animTimeTo>
        <_equipColor>-1</_equipColor>
        <_equipmentLibraryId>2</_equipmentLibraryId>
        <_flipH>FALSE</_flipH>
        <_onlyDefaultPitches>FALSE</_onlyDefaultPitches>
        <_pathData></_pathData>
        <_rotationY>0.00</_rotationY>
        <_size>1.00</_size>
        <_transparency>FALSE</_transparency>
        <_x>-980.04</_x>
        <_y>0.00</_y>
        <_z>-89.64</_z>
      </equipment>
      <equipment>
        <_animObjectId>0</_animObjectId>
        <_animObjectVisibility></_animObjectVisibility>
        <_animTimeFrom></_animTimeFrom>
        <_animTimeTo></_animTimeTo>
        <_equipColor>-1</_equipColor>
        <_equipmentLibraryId>2</_equipmentLibraryId>
        <_flipH>FALSE</_flipH>
        <_onlyDefaultPitches>FALSE</_onlyDefaultPitches>
        <_pathData></_pathData>
        <_rotationY>0.00</_rotationY>
        <_size>1.00</_size>
        <_transparency>FALSE</_transparency>
        <_x>890.50</_x>
        <_y>0.00</_y>
        <_z>401.32</_z>
      </equipment>
      <equipment>
        <_animObjectId>0</_animObjectId>
        <_animObjectVisibility></_animObjectVisibility>
        <_animTimeFrom></_animTimeFrom>
        <_animTimeTo></_animTimeTo>
        <_equipColor>-1</_equipColor>
        <_equipmentLibraryId>2</_equipmentLibraryId>
        <_flipH>FALSE</_flipH>
        <_onlyDefaultPitches>FALSE</_onlyDefaultPitches>
        <_pathData></_pathData>
        <_rotationY>0.00</_rotationY>
        <_size>1.00</_size>
        <_transparency>FALSE</_transparency>
        <_x>897.28</_x>
        <_y>0.00</_y>
        <_z>-371.04</_z>
      </equipment>
      <equipment>
        <_animObjectId>0</_animObjectId>
        <_animObjectVisibility></_animObjectVisibility>
        <_animTimeFrom></_animTimeFrom>
        <_animTimeTo></_animTimeTo>
        <_equipColor>-1</_equipColor>
        <_equipmentLibraryId>2</_equipmentLibraryId>
        <_flipH>FALSE</_flipH>
        <_onlyDefaultPitches>FALSE</_onlyDefaultPitches>
        <_pathData></_pathData>
        <_rotationY>0.00</_rotationY>
        <_size>1.00</_size>
        <_transparency>FALSE</_transparency>
        <_x>776.06</_x>
        <_y>0.00</_y>
        <_z>492.64</_z>
      </equipment>
      <equipment>
        <_animObjectId>0</_animObjectId>
        <_animObjectVisibility></_animObjectVisibility>
        <_animTimeFrom></_animTimeFrom>
        <_animTimeTo></_animTimeTo>
        <_equipColor>-1</_equipColor>
        <_equipmentLibraryId>2</_equipmentLibraryId>
        <_flipH>FALSE</_flipH>
        <_onlyDefaultPitches>FALSE</_onlyDefaultPitches>
        <_pathData></_pathData>
        <_rotationY>0.00</_rotationY>
        <_size>1.00</_size>
        <_transparency>FALSE</_transparency>
        <_x>908.37</_x>
        <_y>0.00</_y>
        <_z>428.50</_z>
      </equipment>
      <equipment>
        <_animObjectId>0</_animObjectId>
        <_animObjectVisibility></_animObjectVisibility>
        <_animTimeFrom></_animTimeFrom>
        <_animTimeTo></_animTimeTo>
        <_equipColor>-1</_equipColor>
        <_equipmentLibraryId>2</_equipmentLibraryId>
        <_flipH>FALSE</_flipH>
        <_onlyDefaultPitches>FALSE</_onlyDefaultPitches>
        <_pathData></_pathData>
        <_rotationY>0.00</_rotationY>
        <_size>1.00</_size>
        <_transparency>FALSE</_transparency>
        <_x>-910.91</_x>
        <_y>0.00</_y>
        <_z>-102.81</_z>
      </equipment>
      <equipment>
        <_animObjectId>0</_animObjectId>
        <_animObjectVisibility></_animObjectVisibility>
        <_animTimeFrom></_animTimeFrom>
        <_animTimeTo></_animTimeTo>
        <_equipColor>-1</_equipColor>
        <_equipmentLibraryId>6</_equipmentLibraryId>
        <_flipH>FALSE</_flipH>
        <_onlyDefaultPitches>FALSE</_onlyDefaultPitches>
        <_pathData></_pathData>
        <_rotationY>258.08</_rotationY>
        <_size>1.00</_size>
        <_transparency>FALSE</_transparency>
        <_x>794.21</_x>
        <_y>0.00</_y>
        <_z>150.23</_z>
      </equipment>
      <equipment>
        <_animObjectId>0</_animObjectId>
        <_animObjectVisibility></_animObjectVisibility>
        <_animTimeFrom></_animTimeFrom>
        <_animTimeTo></_animTimeTo>
        <_equipColor>-1</_equipColor>
        <_equipmentLibraryId>6</_equipmentLibraryId>
        <_flipH>FALSE</_flipH>
        <_onlyDefaultPitches>FALSE</_onlyDefaultPitches>
        <_pathData></_pathData>
        <_rotationY>258.08</_rotationY>
        <_size>1.00</_size>
        <_transparency>FALSE</_transparency>
        <_x>799.70</_x>
        <_y>0.00</_y>
        <_z>-450.82</_z>
      </equipment>
      <equipment>
        <_animObjectId>0</_animObjectId>
        <_animObjectVisibility></_animObjectVisibility>
        <_animTimeFrom></_animTimeFrom>
        <_animTimeTo></_animTimeTo>
        <_equipColor>-1</_equipColor>
        <_equipmentLibraryId>6</_equipmentLibraryId>
        <_flipH>FALSE</_flipH>
        <_onlyDefaultPitches>FALSE</_onlyDefaultPitches>
        <_pathData></_pathData>
        <_rotationY>258.08</_rotationY>
        <_size>1.00</_size>
        <_transparency>FALSE</_transparency>
        <_x>-941.55</_x>
        <_y>0.00</_y>
        <_z>-125.66</_z>
      </equipment>
      <equipment>
        <_animObjectId>0</_animObjectId>
        <_animObjectVisibility></_animObjectVisibility>
        <_animTimeFrom></_animTimeFrom>
        <_animTimeTo></_animTimeTo>
        <_equipColor>-1</_equipColor>
        <_equipmentLibraryId>6</_equipmentLibraryId>
        <_flipH>FALSE</_flipH>
        <_onlyDefaultPitches>FALSE</_onlyDefaultPitches>
        <_pathData></_pathData>
        <_rotationY>259.13</_rotationY>
        <_size>1.00</_size>
        <_transparency>FALSE</_transparency>
        <_x>298.41</_x>
        <_y>0.00</_y>
        <_z>-137.53</_z>
      </equipment>
      <equipment>
        <_animObjectId>0</_animObjectId>
        <_animObjectVisibility></_animObjectVisibility>
        <_animTimeFrom></_animTimeFrom>
        <_animTimeTo></_animTimeTo>
        <_equipColor>-1</_equipColor>
        <_equipmentLibraryId>6</_equipmentLibraryId>
        <_flipH>FALSE</_flipH>
        <_onlyDefaultPitches>FALSE</_onlyDefaultPitches>
        <_pathData></_pathData>
        <_rotationY>259.13</_rotationY>
        <_size>1.00</_size>
        <_transparency>FALSE</_transparency>
        <_x>304.38</_x>
        <_y>0.00</_y>
        <_z>275.39</_z>
      </equipment>
      <equipment>
        <_animObjectId>0</_animObjectId>
        <_animObjectVisibility></_animObjectVisibility>
        <_animTimeFrom></_animTimeFrom>
        <_animTimeTo></_animTimeTo>
        <_equipColor>-1</_equipColor>
        <_equipmentLibraryId>6</_equipmentLibraryId>
        <_flipH>FALSE</_flipH>
        <_onlyDefaultPitches>FALSE</_onlyDefaultPitches>
        <_pathData></_pathData>
        <_rotationY>259.13</_rotationY>
        <_size>1.00</_size>
        <_transparency>FALSE</_transparency>
        <_x>-321.09</_x>
        <_y>0.00</_y>
        <_z>296.27</_z>
      </equipment>
      <equipment>
        <_animObjectId>0</_animObjectId>
        <_animObjectVisibility></_animObjectVisibility>
        <_animTimeFrom></_animTimeFrom>
        <_animTimeTo></_animTimeTo>
        <_equipColor>-1</_equipColor>
        <_equipmentLibraryId>6</_equipmentLibraryId>
        <_flipH>FALSE</_flipH>
        <_onlyDefaultPitches>FALSE</_onlyDefaultPitches>
        <_pathData></_pathData>
        <_rotationY>259.13</_rotationY>
        <_size>1.00</_size>
        <_transparency>FALSE</_transparency>
        <_x>-327.94</_x>
        <_y>0.00</_y>
        <_z>-122.44</_z>
      </equipment>
      <equipment>
        <_animObjectId>0</_animObjectId>
        <_animObjectVisibility></_animObjectVisibility>
        <_animTimeFrom></_animTimeFrom>
        <_animTimeTo></_animTimeTo>
        <_equipColor>-1</_equipColor>
        <_equipmentLibraryId>6</_equipmentLibraryId>
        <_flipH>FALSE</_flipH>
        <_onlyDefaultPitches>FALSE</_onlyDefaultPitches>
        <_pathData></_pathData>
        <_rotationY>259.13</_rotationY>
        <_size>1.00</_size>
        <_transparency>FALSE</_transparency>
        <_x>803.36</_x>
        <_y>0.00</_y>
        <_z>504.09</_z>
      </equipment>
      <equipment>
        <_animObjectId>0</_animObjectId>
        <_animObjectVisibility></_animObjectVisibility>
        <_animTimeFrom></_animTimeFrom>
        <_animTimeTo></_animTimeTo>
        <_equipColor>-1</_equipColor>
        <_equipmentLibraryId>6</_equipmentLibraryId>
        <_flipH>FALSE</_flipH>
        <_onlyDefaultPitches>FALSE</_onlyDefaultPitches>
        <_pathData></_pathData>
        <_rotationY>345.05</_rotationY>
        <_size>1.00</_size>
        <_transparency>FALSE</_transparency>
        <_x>791.09</_x>
        <_y>0.00</_y>
        <_z>-171.37</_z>
      </equipment>
      <equipment>
        <_animObjectId>0</_animObjectId>
        <_animObjectVisibility></_animObjectVisibility>
        <_animTimeFrom></_animTimeFrom>
        <_animTimeTo></_animTimeTo>
        <_equipColor>-1</_equipColor>
        <_equipmentLibraryId>6</_equipmentLibraryId>
        <_flipH>FALSE</_flipH>
        <_onlyDefaultPitches>FALSE</_onlyDefaultPitches>
        <_pathData></_pathData>
        <_rotationY>258.08</_rotationY>
        <_size>1.00</_size>
        <_transparency>FALSE</_transparency>
        <_x>-939.87</_x>
        <_y>0.00</_y>
        <_z>305.04</_z>
      </equipment>
      <equipment>
        <_animObjectId>0</_animObjectId>
        <_animObjectVisibility></_animObjectVisibility>
        <_animTimeFrom></_animTimeFrom>
        <_animTimeTo></_animTimeTo>
        <_equipColor>-1</_equipColor>
        <_equipmentLibraryId>9</_equipmentLibraryId>
        <_flipH>FALSE</_flipH>
        <_onlyDefaultPitches>TRUE</_onlyDefaultPitches>
        <_pathData></_pathData>
        <_rotationY>90.00</_rotationY>
        <_size>1.00</_size>
        <_transparency>FALSE</_transparency>
        <_x>1172.00</_x>
        <_y>0.00</_y>
        <_z>0.00</_z>
      </equipment>
      <equipment>
        <_animObjectId>0</_animObjectId>
        <_animObjectVisibility></_animObjectVisibility>
        <_animTimeFrom></_animTimeFrom>
        <_animTimeTo></_animTimeTo>
        <_equipColor>-1</_equipColor>
        <_equipmentLibraryId>9</_equipmentLibraryId>
        <_flipH>FALSE</_flipH>
        <_onlyDefaultPitches>TRUE</_onlyDefaultPitches>
        <_pathData></_pathData>
        <_rotationY>270.00</_rotationY>
        <_size>1.00</_size>
        <_transparency>FALSE</_transparency>
        <_x>-1172.00</_x>
        <_y>0.00</_y>
        <_z>0.00</_z>
      </equipment>
      <line>
        <_animObjectId>0</_animObjectId>
        <_animObjectVisibility></_animObjectVisibility>
        <_animTimeFrom></_animTimeFrom>
        <_animTimeTo></_animTimeTo>
        <_arrowThickness>-1</_arrowThickness>
        <_lineColor>-1</_lineColor>
        <_lineStyle>-1</_lineStyle>
        <_lineThickness>-1</_lineThickness>
        <_lineType>-1</_lineType>
        <_linesLibraryId>1</_linesLibraryId>
        <_pathCommands>0</_pathCommands>
        <_pathData>M|-315.13|0.00|-99.69|-315.13|0.00|-99.69|-315.13|0.00|-99.69|L|-315.13|0.00|-99.69|-315.13|0.00|-99.69|279.66|0.00|246.87</_pathData>
        <_useArrowHead>-1</_useArrowHead>
        <_useHandles>-1</_useHandles>
      </line>
      <line>
        <_animObjectId>0</_animObjectId>
        <_animObjectVisibility></_animObjectVisibility>
        <_animTimeFrom></_animTimeFrom>
        <_animTimeTo></_animTimeTo>
        <_arrowThickness>-1</_arrowThickness>
        <_lineColor>-1</_lineColor>
        <_lineStyle>-1</_lineStyle>
        <_lineThickness>-1</_lineThickness>
        <_lineType>-1</_lineType>
        <_linesLibraryId>1</_linesLibraryId>
        <_pathCommands>0</_pathCommands>
        <_pathData>M|-296.39|0.00|264.16|-296.39|0.00|264.16|-296.39|0.00|264.16|L|-296.39|0.00|264.16|-296.39|0.00|264.16|234.56|0.00|-128.62</_pathData>
        <_useArrowHead>-1</_useArrowHead>
        <_useHandles>-1</_useHandles>
      </line>
      <line>
        <_animObjectId>0</_animObjectId>
        <_animObjectVisibility></_animObjectVisibility>
        <_animTimeFrom></_animTimeFrom>
        <_animTimeTo></_animTimeTo>
        <_arrowThickness>-1</_arrowThickness>
        <_lineColor>-1</_lineColor>
        <_lineStyle>-1</_lineStyle>
        <_lineThickness>-1</_lineThickness>
        <_lineType>-1</_lineType>
        <_linesLibraryId>3</_linesLibraryId>
        <_pathCommands>0</_pathCommands>
        <_pathData>M|345.17|0.00|279.65|345.17|0.00|279.65|345.17|0.00|279.65|L|345.17|0.00|279.65|345.17|0.00|279.65|750.30|0.00|439.21</_pathData>
        <_useArrowHead>-1</_useArrowHead>
        <_useHandles>-1</_useHandles>
      </line>
      <line>
        <_animObjectId>0</_animObjectId>
        <_animObjectVisibility></_animObjectVisibility>
        <_animTimeFrom></_animTimeFrom>
        <_animTimeTo></_animTimeTo>
        <_arrowThickness>-1</_arrowThickness>
        <_lineColor>-1</_lineColor>
        <_lineStyle>-1</_lineStyle>
        <_lineThickness>-1</_lineThickness>
        <_lineType>-1</_lineType>
        <_linesLibraryId>3</_linesLibraryId>
        <_pathCommands>0</_pathCommands>
        <_pathData>M|763.17|0.00|-421.08|763.17|0.00|-421.08|763.17|0.00|-421.08|L|763.17|0.00|-421.08|763.17|0.00|-421.08|364.35|0.00|-178.51</_pathData>
        <_useArrowHead>-1</_useArrowHead>
        <_useHandles>-1</_useHandles>
      </line>
      <line>
        <_animObjectId>0</_animObjectId>
        <_animObjectVisibility></_animObjectVisibility>
        <_animTimeFrom></_animTimeFrom>
        <_animTimeTo></_animTimeTo>
        <_arrowThickness>-1</_arrowThickness>
        <_lineColor>-1</_lineColor>
        <_lineStyle>-1</_lineStyle>
        <_lineThickness>-1</_lineThickness>
        <_lineType>-1</_lineType>
        <_linesLibraryId>3</_linesLibraryId>
        <_pathCommands>0</_pathCommands>
        <_pathData>M|771.47|0.00|500.16|771.47|0.00|500.16|771.47|0.00|500.16|L|771.47|0.00|500.16|771.47|0.00|500.16|357.61|0.00|319.82</_pathData>
        <_useArrowHead>-1</_useArrowHead>
        <_useHandles>-1</_useHandles>
      </line>
      <line>
        <_animObjectId>0</_animObjectId>
        <_animObjectVisibility></_animObjectVisibility>
        <_animTimeFrom></_animTimeFrom>
        <_animTimeTo></_animTimeTo>
        <_arrowThickness>-1</_arrowThickness>
        <_lineColor>-1</_lineColor>
        <_lineStyle>-1</_lineStyle>
        <_lineThickness>-1</_lineThickness>
        <_lineType>-1</_lineType>
        <_linesLibraryId>3</_linesLibraryId>
        <_pathCommands>0</_pathCommands>
        <_pathData>M|-380.33|0.00|-140.97|-380.33|0.00|-140.97|-380.33|0.00|-140.97|L|-380.33|0.00|-140.97|-380.33|0.00|-140.97|-907.67|0.00|-139.16</_pathData>
        <_useArrowHead>-1</_useArrowHead>
        <_useHandles>-1</_useHandles>
      </line>
      <line>
        <_animObjectId>0</_animObjectId>
        <_animObjectVisibility></_animObjectVisibility>
        <_animTimeFrom></_animTimeFrom>
        <_animTimeTo></_animTimeTo>
        <_arrowThickness>-1</_arrowThickness>
        <_lineColor>-1</_lineColor>
        <_lineStyle>-1</_lineStyle>
        <_lineThickness>-1</_lineThickness>
        <_lineType>-1</_lineType>
        <_linesLibraryId>3</_linesLibraryId>
        <_pathCommands>0</_pathCommands>
        <_pathData>M|-350.22|0.00|308.13|-350.22|0.00|308.13|-350.22|0.00|308.13|L|-350.22|0.00|308.13|-350.22|0.00|308.13|-883.18|0.00|313.32</_pathData>
        <_useArrowHead>-1</_useArrowHead>
        <_useHandles>-1</_useHandles>
      </line>
      <line>
        <_animObjectId>0</_animObjectId>
        <_animObjectVisibility></_animObjectVisibility>
        <_animTimeFrom></_animTimeFrom>
        <_animTimeTo></_animTimeTo>
        <_arrowThickness>-1</_arrowThickness>
        <_lineColor>-1</_lineColor>
        <_lineStyle>-1</_lineStyle>
        <_lineThickness>-1</_lineThickness>
        <_lineType>-1</_lineType>
        <_linesLibraryId>3</_linesLibraryId>
        <_pathCommands>0</_pathCommands>
        <_pathData>M|320.90|0.00|-188.02|320.90|0.00|-188.02|320.90|0.00|-188.02|L|320.90|0.00|-188.02|320.90|0.00|-188.02|697.00|0.00|-421.42</_pathData>
        <_useArrowHead>-1</_useArrowHead>
        <_useHandles>-1</_useHandles>
      </line>
      <line>
        <_animObjectId>0</_animObjectId>
        <_animObjectVisibility></_animObjectVisibility>
        <_animTimeFrom></_animTimeFrom>
        <_animTimeTo></_animTimeTo>
        <_arrowThickness>-1</_arrowThickness>
        <_lineColor>-1</_lineColor>
        <_lineStyle>-1</_lineStyle>
        <_lineThickness>-1</_lineThickness>
        <_lineType>-1</_lineType>
        <_linesLibraryId>4</_linesLibraryId>
        <_pathCommands>0</_pathCommands>
        <_pathData>C|-908.13|0.00|293.20|-908.13|0.00|293.20|-887.70|0.00|293.31|C|-887.70|0.00|293.31|-847.05|0.00|295.14|-806.87|0.00|301.74|C|-806.87|0.00|301.74|-759.45|0.00|307.07|-711.80|0.00|306.24|C|-711.80|0.00|306.24|-680.74|0.00|315.02|-650.55|0.00|326.46|C|-650.55|0.00|326.46|-630.49|0.00|332.61|-621.88|0.00|316.68|C|-621.88|0.00|316.68|-621.69|0.00|288.44|-625.19|0.00|260.42|C|-625.19|0.00|260.42|-603.98|0.00|256.60|-582.40|0.00|258.62|C|-582.40|0.00|258.62|-560.70|0.00|257.43|-539.28|0.00|260.87|C|-539.28|0.00|260.87|-506.40|0.00|275.97|-473.71|0.00|291.46|C|-473.71|0.00|291.46|-459.65|0.00|296.03|-445.31|0.00|299.63|C|-445.31|0.00|299.63|-431.53|0.00|309.46|-421.28|0.00|297.75|C|-421.28|0.00|297.75|-412.70|0.00|279.90|-398.89|0.00|299.88</_pathData>
        <_useArrowHead>-1</_useArrowHead>
        <_useHandles>-1</_useHandles>
      </line>
      <line>
        <_animObjectId>0</_animObjectId>
        <_animObjectVisibility></_animObjectVisibility>
        <_animTimeFrom></_animTimeFrom>
        <_animTimeTo></_animTimeTo>
        <_arrowThickness>-1</_arrowThickness>
        <_lineColor>-1</_lineColor>
        <_lineStyle>-1</_lineStyle>
        <_lineThickness>-1</_lineThickness>
        <_lineType>-1</_lineType>
        <_linesLibraryId>4</_linesLibraryId>
        <_pathCommands>0</_pathCommands>
        <_pathData>C|-906.50|0.00|-130.03|-906.50|0.00|-130.03|-890.38|0.00|-127.67|C|-890.38|0.00|-127.67|-842.90|0.00|-116.30|-795.02|0.00|-106.73|C|-795.02|0.00|-106.73|-780.86|0.00|-101.44|-778.24|0.00|-115.72|C|-778.24|0.00|-115.72|-760.04|0.00|-129.45|-737.67|0.00|-124.59|C|-737.67|0.00|-124.59|-723.82|0.00|-124.52|-709.96|0.00|-124.44|C|-709.96|0.00|-124.44|-682.09|0.00|-124.83|-654.34|0.00|-121.88|C|-654.34|0.00|-121.88|-627.47|0.00|-113.52|-607.60|0.00|-130.75|C|-607.60|0.00|-130.75|-594.06|0.00|-139.72|-578.43|0.00|-137.44|C|-578.43|0.00|-137.44|-564.20|0.00|-138.84|-550.49|0.00|-135.01|C|-550.49|0.00|-135.01|-533.43|0.00|-124.99|-515.50|0.00|-116.60|C|-515.50|0.00|-116.60|-505.22|0.00|-110.56|-493.29|0.00|-109.68|C|-493.29|0.00|-109.68|-479.94|0.00|-107.72|-467.90|0.00|-114.09|C|-467.90|0.00|-114.09|-456.99|0.00|-117.85|-446.70|0.00|-123.07|C|-446.70|0.00|-123.07|-437.01|0.00|-130.12|-425.19|0.00|-127.51|C|-425.19|0.00|-127.51|-417.37|0.00|-127.17|-411.08|0.00|-122.88</_pathData>
        <_useArrowHead>-1</_useArrowHead>
        <_useHandles>-1</_useHandles>
      </line>
      <player>
        <_accessories></_accessories>
        <_animObjectId>0</_animObjectId>
        <_animObjectVisibility></_animObjectVisibility>
        <_animTimeFrom></_animTimeFrom>
        <_animTimeTo></_animTimeTo>
        <_bottomColor>-1</_bottomColor>
        <_flipH>FALSE</_flipH>
        <_hairColor>-1</_hairColor>
        <_hairType>-1</_hairType>
        <_kitId>0</_kitId>
        <_kitTypeId>0</_kitTypeId>
        <_playerLibraryId>1</_playerLibraryId>
        <_rotationY>265.03</_rotationY>
        <_shoesColor>-1</_shoesColor>
        <_skinColor>-1</_skinColor>
        <_skinTexture>-1</_skinTexture>
        <_socksColor>-1</_socksColor>
        <_stripesColor>-1</_stripesColor>
        <_stripesType>-1</_stripesType>
        <_topColor>-1</_topColor>
        <_transparency>FALSE</_transparency>
        <_x>-1141.64</_x>
        <_y>0.00</_y>
        <_z>315.99</_z>
      </player>
      <player>
        <_accessories></_accessories>
        <_animObjectId>0</_animObjectId>
        <_animObjectVisibility></_animObjectVisibility>
        <_animTimeFrom></_animTimeFrom>
        <_animTimeTo></_animTimeTo>
        <_bottomColor>-1</_bottomColor>
        <_flipH>FALSE</_flipH>
        <_hairColor>-1</_hairColor>
        <_hairType>-1</_hairType>
        <_kitId>0</_kitId>
        <_kitTypeId>0</_kitTypeId>
        <_playerLibraryId>1</_playerLibraryId>
        <_rotationY>68.76</_rotationY>
        <_shoesColor>-1</_shoesColor>
        <_skinColor>-1</_skinColor>
        <_skinTexture>-1</_skinTexture>
        <_socksColor>-1</_socksColor>
        <_stripesColor>-1</_stripesColor>
        <_stripesType>-1</_stripesType>
        <_topColor>-1</_topColor>
        <_transparency>FALSE</_transparency>
        <_x>832.24</_x>
        <_y>0.00</_y>
        <_z>527.00</_z>
      </player>
      <player>
        <_accessories></_accessories>
        <_animObjectId>0</_animObjectId>
        <_animObjectVisibility></_animObjectVisibility>
        <_animTimeFrom></_animTimeFrom>
        <_animTimeTo></_animTimeTo>
        <_bottomColor>-1</_bottomColor>
        <_flipH>FALSE</_flipH>
        <_hairColor>-1</_hairColor>
        <_hairType>-1</_hairType>
        <_kitId>0</_kitId>
        <_kitTypeId>0</_kitTypeId>
        <_playerLibraryId>1</_playerLibraryId>
        <_rotationY>119.10</_rotationY>
        <_shoesColor>-1</_shoesColor>
        <_skinColor>-1</_skinColor>
        <_skinTexture>-1</_skinTexture>
        <_socksColor>-1</_socksColor>
        <_stripesColor>-1</_stripesColor>
        <_stripesType>-1</_stripesType>
        <_topColor>-1</_topColor>
        <_transparency>FALSE</_transparency>
        <_x>901.84</_x>
        <_y>0.00</_y>
        <_z>-500.73</_z>
      </player>
      <player>
        <_accessories></_accessories>
        <_animObjectId>0</_animObjectId>
        <_animObjectVisibility></_animObjectVisibility>
        <_animTimeFrom></_animTimeFrom>
        <_animTimeTo></_animTimeTo>
        <_bottomColor>-1</_bottomColor>
        <_flipH>FALSE</_flipH>
        <_hairColor>-1</_hairColor>
        <_hairType>-1</_hairType>
        <_kitId>0</_kitId>
        <_kitTypeId>0</_kitTypeId>
        <_playerLibraryId>1</_playerLibraryId>
        <_rotationY>265.03</_rotationY>
        <_shoesColor>-1</_shoesColor>
        <_skinColor>-1</_skinColor>
        <_skinTexture>-1</_skinTexture>
        <_socksColor>-1</_socksColor>
        <_stripesColor>-1</_stripesColor>
        <_stripesType>-1</_stripesType>
        <_topColor>-1</_topColor>
        <_transparency>FALSE</_transparency>
        <_x>-1048.51</_x>
        <_y>0.00</_y>
        <_z>320.41</_z>
      </player>
      <player>
        <_accessories></_accessories>
        <_animObjectId>0</_animObjectId>
        <_animObjectVisibility></_animObjectVisibility>
        <_animTimeFrom></_animTimeFrom>
        <_animTimeTo></_animTimeTo>
        <_bottomColor>-1</_bottomColor>
        <_flipH>FALSE</_flipH>
        <_hairColor>-1</_hairColor>
        <_hairType>-1</_hairType>
        <_kitId>0</_kitId>
        <_kitTypeId>0</_kitTypeId>
        <_playerLibraryId>1</_playerLibraryId>
        <_rotationY>265.03</_rotationY>
        <_shoesColor>-1</_shoesColor>
        <_skinColor>-1</_skinColor>
        <_skinTexture>-1</_skinTexture>
        <_socksColor>-1</_socksColor>
        <_stripesColor>-1</_stripesColor>
        <_stripesType>-1</_stripesType>
        <_topColor>-1</_topColor>
        <_transparency>FALSE</_transparency>
        <_x>-1202.29</_x>
        <_y>0.00</_y>
        <_z>247.51</_z>
      </player>
      <player>
        <_accessories></_accessories>
        <_animObjectId>0</_animObjectId>
        <_animObjectVisibility></_animObjectVisibility>
        <_animTimeFrom></_animTimeFrom>
        <_animTimeTo></_animTimeTo>
        <_bottomColor>-1</_bottomColor>
        <_flipH>FALSE</_flipH>
        <_hairColor>-1</_hairColor>
        <_hairType>-1</_hairType>
        <_kitId>0</_kitId>
        <_kitTypeId>0</_kitTypeId>
        <_playerLibraryId>1</_playerLibraryId>
        <_rotationY>265.03</_rotationY>
        <_shoesColor>-1</_shoesColor>
        <_skinColor>-1</_skinColor>
        <_skinTexture>-1</_skinTexture>
        <_socksColor>-1</_socksColor>
        <_stripesColor>-1</_stripesColor>
        <_stripesType>-1</_stripesType>
        <_topColor>-1</_topColor>
        <_transparency>FALSE</_transparency>
        <_x>-983.83</_x>
        <_y>0.00</_y>
        <_z>-116.79</_z>
      </player>
      <player>
        <_accessories></_accessories>
        <_animObjectId>0</_animObjectId>
        <_animObjectVisibility></_animObjectVisibility>
        <_animTimeFrom></_animTimeFrom>
        <_animTimeTo></_animTimeTo>
        <_bottomColor>-1</_bottomColor>
        <_flipH>FALSE</_flipH>
        <_hairColor>-1</_hairColor>
        <_hairType>-1</_hairType>
        <_kitId>0</_kitId>
        <_kitTypeId>0</_kitTypeId>
        <_playerLibraryId>1</_playerLibraryId>
        <_rotationY>265.03</_rotationY>
        <_shoesColor>-1</_shoesColor>
        <_skinColor>-1</_skinColor>
        <_skinTexture>-1</_skinTexture>
        <_socksColor>-1</_socksColor>
        <_stripesColor>-1</_stripesColor>
        <_stripesType>-1</_stripesType>
        <_topColor>-1</_topColor>
        <_transparency>FALSE</_transparency>
        <_x>-960.32</_x>
        <_y>0.00</_y>
        <_z>316.90</_z>
      </player>
      <player>
        <_accessories></_accessories>
        <_animObjectId>0</_animObjectId>
        <_animObjectVisibility></_animObjectVisibility>
        <_animTimeFrom></_animTimeFrom>
        <_animTimeTo></_animTimeTo>
        <_bottomColor>-1</_bottomColor>
        <_flipH>FALSE</_flipH>
        <_hairColor>-1</_hairColor>
        <_hairType>-1</_hairType>
        <_kitId>0</_kitId>
        <_kitTypeId>0</_kitTypeId>
        <_playerLibraryId>1</_playerLibraryId>
        <_rotationY>265.03</_rotationY>
        <_shoesColor>-1</_shoesColor>
        <_skinColor>-1</_skinColor>
        <_skinTexture>-1</_skinTexture>
        <_socksColor>-1</_socksColor>
        <_stripesColor>-1</_stripesColor>
        <_stripesType>-1</_stripesType>
        <_topColor>-1</_topColor>
        <_transparency>FALSE</_transparency>
        <_x>-1171.75</_x>
        <_y>0.00</_y>
        <_z>-154.28</_z>
      </player>
      <player>
        <_accessories></_accessories>
        <_animObjectId>0</_animObjectId>
        <_animObjectVisibility></_animObjectVisibility>
        <_animTimeFrom></_animTimeFrom>
        <_animTimeTo></_animTimeTo>
        <_bottomColor>-1</_bottomColor>
        <_flipH>FALSE</_flipH>
        <_hairColor>-1</_hairColor>
        <_hairType>-1</_hairType>
        <_kitId>0</_kitId>
        <_kitTypeId>0</_kitTypeId>
        <_playerLibraryId>1</_playerLibraryId>
        <_rotationY>265.03</_rotationY>
        <_shoesColor>-1</_shoesColor>
        <_skinColor>-1</_skinColor>
        <_skinTexture>-1</_skinTexture>
        <_socksColor>-1</_socksColor>
        <_stripesColor>-1</_stripesColor>
        <_stripesType>-1</_stripesType>
        <_topColor>-1</_topColor>
        <_transparency>FALSE</_transparency>
        <_x>-1079.36</_x>
        <_y>0.00</_y>
        <_z>-121.77</_z>
      </player>
      <player>
        <_accessories></_accessories>
        <_animObjectId>0</_animObjectId>
        <_animObjectVisibility></_animObjectVisibility>
        <_animTimeFrom></_animTimeFrom>
        <_animTimeTo></_animTimeTo>
        <_bottomColor>-1</_bottomColor>
        <_flipH>FALSE</_flipH>
        <_hairColor>-1</_hairColor>
        <_hairType>-1</_hairType>
        <_kitId>0</_kitId>
        <_kitTypeId>0</_kitTypeId>
        <_playerLibraryId>1</_playerLibraryId>
        <_rotationY>119.10</_rotationY>
        <_shoesColor>-1</_shoesColor>
        <_skinColor>-1</_skinColor>
        <_skinTexture>-1</_skinTexture>
        <_socksColor>-1</_socksColor>
        <_stripesColor>-1</_stripesColor>
        <_stripesType>-1</_stripesType>
        <_topColor>-1</_topColor>
        <_transparency>FALSE</_transparency>
        <_x>828.22</_x>
        <_y>0.00</_y>
        <_z>-445.66</_z>
      </player>
      <player>
        <_accessories></_accessories>
        <_animObjectId>0</_animObjectId>
        <_animObjectVisibility></_animObjectVisibility>
        <_animTimeFrom></_animTimeFrom>
        <_animTimeTo></_animTimeTo>
        <_bottomColor>-1</_bottomColor>
        <_flipH>FALSE</_flipH>
        <_hairColor>-1</_hairColor>
        <_hairType>-1</_hairType>
        <_kitId>0</_kitId>
        <_kitTypeId>0</_kitTypeId>
        <_playerLibraryId>1</_playerLibraryId>
        <_rotationY>265.03</_rotationY>
        <_shoesColor>-1</_shoesColor>
        <_skinColor>-1</_skinColor>
        <_skinTexture>-1</_skinTexture>
        <_socksColor>-1</_socksColor>
        <_stripesColor>-1</_stripesColor>
        <_stripesType>-1</_stripesType>
        <_topColor>-1</_topColor>
        <_transparency>FALSE</_transparency>
        <_x>-1258.90</_x>
        <_y>0.00</_y>
        <_z>-243.05</_z>
      </player>
      <player>
        <_accessories></_accessories>
        <_animObjectId>0</_animObjectId>
        <_animObjectVisibility></_animObjectVisibility>
        <_animTimeFrom></_animTimeFrom>
        <_animTimeTo></_animTimeTo>
        <_bottomColor>-1</_bottomColor>
        <_flipH>FALSE</_flipH>
        <_hairColor>-1</_hairColor>
        <_hairType>-1</_hairType>
        <_kitId>0</_kitId>
        <_kitTypeId>0</_kitTypeId>
        <_playerLibraryId>1</_playerLibraryId>
        <_rotationY>68.76</_rotationY>
        <_shoesColor>-1</_shoesColor>
        <_skinColor>-1</_skinColor>
        <_skinTexture>-1</_skinTexture>
        <_socksColor>-1</_socksColor>
        <_stripesColor>-1</_stripesColor>
        <_stripesType>-1</_stripesType>
        <_topColor>-1</_topColor>
        <_transparency>FALSE</_transparency>
        <_x>912.89</_x>
        <_y>0.00</_y>
        <_z>564.25</_z>
      </player>
    </screen>
  </session>
  <video>
    <_sortOrder>21</_sortOrder>
    <_thumbnailLocation>/templates/en/images/thumbnails/editor_training_building_session.png</_thumbnailLocation>
    <_videoCode>NZzdafI-y7E</_videoCode>
    <_videoDuration>5:23</_videoDuration>
    <_videoSource>YouTube</_videoSource>
    <_videoTitle>Building a Session</_videoTitle>
  </video>
  <video>
    <_sortOrder>25</_sortOrder>
    <_thumbnailLocation>/templates/en/images/thumbnails/editor_training_animation.png</_thumbnailLocation>
    <_videoCode>Abr039FkIN8</_videoCode>
    <_videoDuration>6:33</_videoDuration>
    <_videoSource>YouTube</_videoSource>
    <_videoTitle>Animation Overview</_videoTitle>
  </video>
  <video>
    <_sortOrder>40</_sortOrder>
    <_thumbnailLocation>/templates/en/images/thumbnails/editor_adv_clone_screen.png</_thumbnailLocation>
    <_videoCode>fkSdR5lRR2s</_videoCode>
    <_videoDuration>0:46</_videoDuration>
    <_videoSource>YouTube</_videoSource>
    <_videoTitle>Clone Screens</_videoTitle>
  </video>
  <video>
    <_sortOrder>40</_sortOrder>
    <_thumbnailLocation>/templates/en/images/thumbnails/editor_adv_pin_objects.png</_thumbnailLocation>
    <_videoCode>ZGj9M06VAkQ</_videoCode>
    <_videoDuration>2:00</_videoDuration>
    <_videoSource>YouTube</_videoSource>
    <_videoTitle>Pin Objects</_videoTitle>
  </video>
  <video>
    <_sortOrder>40</_sortOrder>
    <_thumbnailLocation>/templates/en/images/thumbnails/editor_adv_clone_objects.png</_thumbnailLocation>
    <_videoCode>mzF4vg1fb-c</_videoCode>
    <_videoDuration>1:56</_videoDuration>
    <_videoSource>YouTube</_videoSource>
    <_videoTitle>Clone Objects</_videoTitle>
  </video>
  <video>
    <_sortOrder>40</_sortOrder>
    <_thumbnailLocation>/templates/en/images/thumbnails/editor_adv_change_arrows.png</_thumbnailLocation>
    <_videoCode>Ibgxy-of8cg</_videoCode>
    <_videoDuration>0:23</_videoDuration>
    <_videoSource>YouTube</_videoSource>
    <_videoTitle>Change Arrowheads</_videoTitle>
  </video>
  <video>
    <_sortOrder>40</_sortOrder>
    <_thumbnailLocation>/templates/en/images/thumbnails/editor_adv_customise_players.png</_thumbnailLocation>
    <_videoCode>rgUPJawNb8M</_videoCode>
    <_videoDuration>1:33</_videoDuration>
    <_videoSource>YouTube</_videoSource>
    <_videoTitle>Customise Players</_videoTitle>
  </video>
  <video>
    <_sortOrder>40</_sortOrder>
    <_thumbnailLocation>/templates/en/images/thumbnails/editor_adv_elevate_objects.png</_thumbnailLocation>
    <_videoCode>orvezkefQ70</_videoCode>
    <_videoDuration>2:16</_videoDuration>
    <_videoSource>YouTube</_videoSource>
    <_videoTitle>Elevate Objects</_videoTitle>
  </video>
  <video>
    <_sortOrder>40</_sortOrder>
    <_thumbnailLocation>/templates/en/images/thumbnails/editor_adv_recolour_objects.png</_thumbnailLocation>
    <_videoCode>2fGP41gcEtQ</_videoCode>
    <_videoDuration>0:38</_videoDuration>
    <_videoSource>YouTube</_videoSource>
    <_videoTitle>Re-colour Objects</_videoTitle>
  </video>
</opt>
